filename,label
msg-4089545865-4072_jpg.rf.0c0e52291aa79c8e54835505352f2025.jpg,splay_foot
msg-4089545865-3273_jpg.rf.af9cf047709ed6d7b27b073bda0a8b52.jpg,splay_foot
scene02701.png,splay_foot
scene02661.png,splay_foot
msg-4089545865-3275_jpg.rf.475e4e79a1b54b765f78939cd26b5194 - Copy.jpg,splay_foot
scene02851.png,splay_foot
scene02461.png,splay_foot
scene02501.png,splay_foot
scene02611.png,splay_foot
scene02771.png,splay_foot
scene02571.png,splay_foot
scene02821.png,splay_foot
msg-4089545865-3277_jpg.rf.5b354484966cd97ee51dbb5e1d466b9f.jpg,splay_foot
msg-4089545865-4284_jpg.rf.4ee1f2606fe185782c13740f1a391b16.jpg,splay_foot
msg-4089545865-3571_jpg.rf.ff84b1bc7e93f47d49da51e921e829a2.jpg,splay_foot
msg-4089545865-3372_jpg.rf.16a3a33ebe7afa2cb212392453470af7.jpg,splay_foot
msg-4089545865-3297_jpg.rf.01020aaffed9a39eb496e91bb2e35cbf.jpg,splay_foot
msg-4089545865-4012_jpg.rf.cd30fc9539ddcdd9270c0ef19c635033.jpg,splay_foot
msg-4089545865-4062_jpg.rf.17ac1b7c98f07e80f52424d95cec62b5.jpg,splay_foot
msg-4089545865-4064_jpg.rf.04174ca3f9982f907b5a398ade29ad72.jpg,splay_foot
scene02541.png,splay_foot
scene02811.png,splay_foot
scene02781.png,splay_foot
scene02581.png,splay_foot
scene02621.png,splay_foot
msg-4089545865-4004_jpg.rf.7b4b08589c48f05abe7d4ec94645c9bb.jpg,splay_foot
scene02741.png,splay_foot
scene02691.png,splay_foot
scene02861.png,splay_foot
scene02451.png,splay_foot
scene02531.png,splay_foot
scene02731.png,splay_foot
msg-4089545865-3275_jpg.rf.475e4e79a1b54b765f78939cd26b5194.jpg,splay_foot
scene02651.png,splay_foot
scene02491.png,splay_foot
msg-4089545865-3999_jpg.rf.aa209e4542fff3f3f36b752a904d0427.jpg,splay_foot
